﻿<?xml version="1.0" encoding="utf-8" ?>
<c2eventsheet>
    <!--All the 'name' attributes are ignored by Construct 2 - they are there for readability only.-->
    <name>Event sheet 1</name>
    <events>
        <event-block sid="379337226971235">
            <conditions>
                <condition id="2" name="Key is down" sid="680200918020529" type="Keyboard">
                    <param id="0" name="Key">37</param>
                </condition>
            </conditions>
            <actions>
                <action id="7" name="Set mirrored" sid="616519958880476" type="Astronauta">
                    <param id="0" name="State">0</param>
                </action>
                <action id="4" name="Set animation" sid="186314215783028" type="Astronauta">
                    <param id="0" name="Animation">&quot;correndo&quot;</param>
                    <param id="1" name="From">1</param>
                </action>
                <action id="-13" name="Set boolean" sid="610267896344485" type="Astronauta">
                    <param id="0" name="Instance variable">olhandoDireita</param>
                    <param id="1" name="Value">0</param>
                </action>
            </actions>
        </event-block>
        <event-block sid="676574015412391">
            <conditions>
                <condition id="2" name="Key is down" sid="324975484958374" type="Keyboard">
                    <param id="0" name="Key">39</param>
                </condition>
            </conditions>
            <actions>
                <action id="7" name="Set mirrored" sid="771543160891618" type="Astronauta">
                    <param id="0" name="State">1</param>
                </action>
                <action id="4" name="Set animation" sid="522706493580654" type="Astronauta">
                    <param id="0" name="Animation">&quot;correndo&quot;</param>
                    <param id="1" name="From">1</param>
                </action>
            </actions>
        </event-block>
        <event-block sid="691852662337986">
            <conditions>
                <condition id="2" name="Key is down" sid="716783470503988" type="Keyboard">
                    <param id="0" name="Key">38</param>
                </condition>
            </conditions>
            <actions>
                <action id="4" name="Set animation" sid="686886302961588" type="Astronauta">
                    <param id="0" name="Animation">&quot;pulando&quot;</param>
                    <param id="1" name="From">1</param>
                </action>
                <action id="0" name="Play" sid="877694620141776" type="Audio">
                    <param id="0" name="Audio file">pulo</param>
                    <param id="2" name="Loop">0</param>
                    <param id="3" name="Volume">0</param>
                    <param id="1" name="Tag (optional)">&quot;&quot;</param>
                </action>
            </actions>
        </event-block>
        <event-block sid="155917594763173">
            <conditions>
                <condition behavior="Platform" id="6" name="On fall" sid="718812554428121" type="Astronauta" />
            </conditions>
            <actions>
                <action id="4" name="Set animation" sid="522454342751942" type="Astronauta">
                    <param id="0" name="Animation">&quot;caindo&quot;</param>
                    <param id="1" name="From">1</param>
                </action>
            </actions>
        </event-block>
        <event-block sid="727461196387117">
            <conditions>
                <condition behavior="Platform" id="7" name="On stopped" sid="890680418178010" type="Astronauta" />
            </conditions>
            <actions>
                <action id="4" name="Set animation" sid="783615730909099" type="Astronauta">
                    <param id="0" name="Animation">&quot;parado&quot;</param>
                    <param id="1" name="From">1</param>
                </action>
            </actions>
        </event-block>
        <event-block sid="328811997988821">
            <conditions>
                <condition id="0" name="On key pressed" sid="771882871055091" type="Keyboard">
                    <param id="0" name="Key">32</param>
                </condition>
            </conditions>
            <actions>
                <action id="0" name="Spawn another object" sid="834002661423599" type="Astronauta">
                    <param id="0" name="Object">Tiro</param>
                    <param id="1" name="Layer">0</param>
                    <param id="2" name="Image point">0</param>
                </action>
                <action id="0" name="Play" sid="295923495950844" type="Audio">
                    <param id="0" name="Audio file">laser</param>
                    <param id="2" name="Loop">0</param>
                    <param id="3" name="Volume">0</param>
                    <param id="1" name="Tag (optional)">&quot;&quot;</param>
                </action>
                <action id="-15" name="Set visible" sid="942610418724024" type="Tiro">
                    <param id="0" name="Visibility">1</param>
                </action>
            </actions>
        </event-block>
    </events>
</c2eventsheet>
